Frequency,Magnitude
0.00,40687.000000
10.77,41624.888218
21.53,43335.456409
32.30,44079.879959
43.07,43495.580117
53.83,42866.597683
64.60,43517.424037
75.37,45207.840011
86.13,46648.893718
96.90,47471.529259
107.67,48357.088643
118.43,50088.621655
129.20,52016.854187
139.97,53182.398091
150.73,53968.024049
161.50,56044.890220
172.27,60105.340690
183.03,64489.252165
193.80,66868.063474
204.57,67252.984858
215.33,68727.217511
226.10,74217.568015
236.87,82440.099786
247.63,89326.434189
258.40,92741.525082
269.17,95067.404454
279.93,101226.692131
290.70,112704.629319
301.46,125709.163545
312.23,136964.570250
323.00,148602.541469
333.76,166306.092433
344.53,191248.034791
355.30,217188.150008
366.06,240587.199288
376.83,277042.702384
387.60,366421.839189
398.36,543205.976796
409.13,826125.204322
419.90,1281735.763111
430.66,2405758.392252
441.43,11175241.456285
452.20,674262.774760
462.96,274602.276888
473.73,352190.430368
484.50,361964.222752
495.26,317618.277453
506.03,257520.486479
516.80,210428.265470
527.56,185832.194050
538.33,173110.217896
549.10,160241.280860
559.86,145801.890623
570.63,134545.538058
581.40,128171.210536
592.16,122969.016204
602.93,115073.212784
613.70,105254.333557
624.46,97703.427756
635.23,94859.920876
646.00,94256.234410
656.76,91868.830113
667.53,86491.288533
678.30,80474.452908
689.06,76748.233620
699.83,75710.310023
710.60,75095.099156
721.36,73033.174217
732.13,69886.026050
742.90,67079.914808
753.66,65361.935735
764.43,64181.205731
775.20,62700.706917
785.96,60936.841896
796.73,59595.366368
807.50,58783.815534
818.26,57798.997740
829.03,56232.674587
839.79,54392.030172
850.56,53177.273433
861.33,52845.034527
872.09,52756.824647
882.86,51960.430424
893.63,50414.757180
904.39,48945.623034
915.16,48239.147352
925.93,48124.929899
936.69,47914.128277
947.46,47134.112604
958.23,46141.510546
968.99,45350.442059
979.76,44889.074030
990.53,44525.809250
1001.29,43965.201863
1012.06,43360.356481
1022.83,42946.742063
1033.59,42690.822316
1044.36,42292.216221
1055.13,41626.138728
1065.89,40920.811685
1076.66,40518.413110
1087.43,40505.104776
1098.19,40444.011966
1108.96,39970.897929
1119.73,39284.591013
1130.49,38672.668010
1141.26,38466.039689
1152.03,38479.170300
1162.79,38325.572910
1173.56,37926.663263
1184.33,37409.497265
1195.09,37071.240707
1205.86,36888.663464
1216.63,36697.835083
1227.39,36393.730849
1238.16,36102.064634
1248.93,35891.785140
1259.69,35755.376971
1270.46,35505.791924
1281.23,35106.325894
1291.99,34734.059468
1302.76,34574.321853
1313.53,34561.903149
1324.29,34494.895683
1335.06,34158.606214
1345.83,33707.195358
1356.59,33410.929365
1367.36,33302.577941
1378.12,33293.495793
1388.89,33156.002102
1399.66,32852.609453
1410.42,32536.436268
1421.19,32358.129373
1431.96,32200.984818
1442.72,32048.444661
1453.49,31839.124774
1464.26,31609.011117
1475.02,31471.712640
1485.79,31346.455811
1496.56,31132.323332
1507.32,30839.656818
1518.09,30592.523485
1528.86,30490.079832
1539.62,30466.957599
1550.39,30347.383379
1561.16,30081.669498
1571.92,29734.500183
1582.69,29513.693318
1593.46,29444.464996
1604.22,29405.455228
1614.99,29237.377524
1625.76,28994.905007
1636.52,28752.047276
1647.29,28588.085682
1658.06,28454.032000
1668.82,28290.922933
1679.59,28125.598531
1690.36,27948.308884
1701.12,27827.455936
1711.89,27665.010857
1722.66,27472.533255
1733.42,27214.741474
1744.19,27018.866127
1754.96,26874.961318
1765.72,26859.995665
1776.49,26713.724218
1787.26,26463.743639
1798.02,26192.378810
1808.79,26007.014463
1819.56,25921.152033
1830.32,25871.916735
1841.09,25691.629728
1851.86,25471.598969
1862.62,25252.889829
1873.39,25113.327390
1884.16,24987.019257
1894.92,24818.954474
1905.69,24654.139237
1916.46,24521.137929
1927.22,24352.772968
1937.99,24226.519816
1948.75,24030.526211
1959.52,23794.522688
1970.29,23638.781645
1981.05,23537.179867
1991.82,23439.666005
2002.59,23298.919157
2013.35,23074.487134
2024.12,22864.749823
2034.89,22663.001026
2045.65,22631.982798
2056.42,22514.963406
2067.19,22352.694651
2077.95,22137.226543
2088.72,21949.581950
2099.49,21814.720260
2110.25,21719.426671
2121.02,21566.906892
2131.79,21419.949829
2142.55,21270.877535
2153.32,21138.797950
2164.09,21018.960629
2174.85,20839.037949
2185.62,20658.665913
2196.39,20520.499650
2207.15,20466.173915
2217.92,20373.086900
2228.69,20206.251425
2239.45,19982.658739
2250.22,19841.194106
2260.99,19731.830777
2271.75,19649.624009
2282.52,19555.435507
2293.29,19404.822800
2304.05,19255.089137
2314.82,19093.950175
2325.59,18981.689486
2336.35,18885.646312
2347.12,18772.316435
2357.89,18621.261272
2368.65,18540.429943
2379.42,18434.675923
2390.19,18330.042617
2400.95,18181.427838
2411.72,18030.994546
2422.49,17958.393563
2433.25,17888.242685
2444.02,17820.356506
2454.79,17683.033237
2465.55,17547.644350
2476.32,17385.427868
2487.08,17342.195788
2497.85,17283.165352
2508.62,17224.949500
2519.38,17070.478084
2530.15,16961.390939
2540.92,16861.537163
2551.68,16792.943130
2562.45,16693.859238
2573.22,16631.835111
2583.98,16542.273089
2594.75,16474.362811
2605.52,16381.549983
2616.28,16294.452602
2627.05,16189.716957
2637.82,16080.604884
2648.58,16061.445862
2659.35,16002.127692
2670.12,15951.919049
2680.88,15885.064124
2691.65,15731.571322
2702.42,15670.285690
2713.18,15615.864332
2723.95,15599.683292
2734.72,15554.206140
2745.48,15475.801117
2756.25,15374.294600
2767.02,15313.799810
2777.78,15284.221052
2788.55,15233.249978
2799.32,15162.278176
2810.08,15095.575778
2820.85,15073.850178
2831.62,14990.284667
2842.38,14956.714736
2853.15,14853.004853
2863.92,14814.577746
2874.68,14801.662269
2885.45,14759.478123
2896.22,14719.904732
2906.98,14668.159984
2917.75,14564.447421
2928.52,14541.721020
2939.28,14506.227870
2950.05,14522.922558
2960.82,14464.991861
2971.58,14396.585718
2982.35,14334.620174
2993.12,14301.873039
3003.88,14265.232384
3014.65,14228.963131
3025.42,14203.741843
3036.18,14159.989992
3046.95,14143.607971
3057.71,14095.640325
3068.48,14050.430299
3079.25,13991.740607
3090.01,13940.419238
3100.78,13943.950805
3111.55,13931.793472
3122.31,13889.170023
3133.08,13831.417105
3143.85,13756.008549
3154.61,13763.530886
3165.38,13724.311479
3176.15,13707.023926
3186.91,13655.733675
3197.68,13617.543690
3208.45,13568.543649
3219.21,13546.757361
3229.98,13518.909629
3240.75,13492.858055
3251.51,13457.647947
3262.28,13415.985678
3273.05,13400.534425
3283.81,13359.653163
3294.58,13283.521897
3305.35,13260.590924
3316.11,13222.030218
3326.88,13223.173235
3337.65,13194.818897
3348.41,13146.543128
3359.18,13089.798550
3369.95,13016.728548
3380.71,13012.502942
3391.48,13028.274371
3402.25,12976.185880
3413.01,12924.057858
3423.78,12872.780461
3434.55,12843.955983
3445.31,12827.742085
3456.08,12784.441224
3466.85,12720.056285
3477.61,12695.863607
3488.38,12649.028586
3499.15,12620.314804
3509.91,12586.503503
3520.68,12535.989114
3531.45,12487.146263
3542.21,12443.434733
3552.98,12446.277625
3563.75,12424.988969
3574.51,12328.128682
3585.28,12297.804785
3596.04,12241.385914
3606.81,12217.033097
3617.58,12204.050928
3628.34,12145.210101
3639.11,12112.345466
3649.88,12078.543781
3660.64,11992.623277
3671.41,11965.730764
3682.18,11926.987094
3692.94,11893.567126
3703.71,11873.450066
3714.48,11782.287663
3725.24,11766.007910
3736.01,11727.017389
3746.78,11665.549388
3757.54,11628.970577
3768.31,11582.707317
3779.08,11556.866440
3789.84,11534.746212
3800.61,11470.188167
3811.38,11406.692485
3822.14,11392.689337
3832.91,11330.642253
3843.68,11314.096288
3854.44,11278.051769
3865.21,11225.548028
3875.98,11157.506598
3886.74,11125.133548
3897.51,11095.058699
3908.28,11067.285202
3919.04,11016.129959
3929.81,10982.039640
3940.58,10934.547778
3951.34,10904.434413
3962.11,10845.813617
3972.88,10801.696080
3983.64,10737.782459
3994.41,10737.115674
4005.18,10726.973996
4015.94,10673.360541
4026.71,10636.212405
4037.48,10565.676165
4048.24,10543.683531
4059.01,10506.527732
4069.78,10461.884701
4080.54,10459.323852
4091.31,10401.678897
4102.08,10353.574170
4112.84,10349.912465
4123.61,10300.619296
4134.38,10261.645173
4145.14,10232.760520
4155.91,10191.830067
4166.67,10170.895680
4177.44,10139.179925
4188.21,10094.880215
4198.97,10030.116221
4209.74,10024.023750
4220.51,10006.216127
4231.27,9996.951165
4242.04,9961.253683
4252.81,9906.153270
4263.57,9875.785693
4274.34,9856.412177
4285.11,9818.748847
4295.87,9814.502201
4306.64,9770.496727
4317.41,9747.420965
4328.17,9709.866699
4338.94,9725.095723
4349.71,9688.420631
4360.47,9634.790618
4371.24,9615.774596
4382.01,9601.357548
4392.77,9577.746378
4403.54,9558.119247
4414.31,9546.895891
4425.07,9487.851368
4435.84,9476.095329
4446.61,9471.073268
4457.37,9459.107674
4468.14,9439.394501
4478.91,9417.058146
4489.67,9363.395922
4500.44,9333.196338
4511.21,9356.352056
4521.97,9364.319960
4532.74,9332.863596
4543.51,9301.935497
4554.27,9255.397573
4565.04,9266.395257
4575.81,9239.300848
4586.57,9210.547918
4597.34,9189.623526
4608.11,9174.589463
4618.87,9168.765633
4629.64,9158.914275
4640.41,9124.688379
4651.17,9117.198209
4661.94,9114.053969
4672.71,9088.671193
4683.47,9094.744399
4694.24,9084.821742
4705.00,9019.300745
4715.77,9007.536828
4726.54,8989.384296
4737.30,8979.597269
4748.07,9020.115322
4758.84,8977.505642
4769.60,8974.301478
4780.37,8935.264263
4791.14,8935.097626
4801.90,8939.886953
4812.67,8876.515227
4823.44,8876.472803
4834.20,8883.735424
4844.97,8881.230487
4855.74,8825.107091
4866.50,8814.060090
4877.27,8792.543226
4888.04,8787.718778
4898.80,8790.236914
4909.57,8784.927681
4920.34,8736.785166
4931.10,8741.083320
4941.87,8724.207267
4952.64,8702.836261
4963.40,8698.275900
4974.17,8691.888057
4984.94,8650.987868
4995.70,8645.708887
5006.47,8643.562542
5017.24,8622.348482
5028.00,8611.638270
5038.77,8566.813051
5049.54,8581.994768
5060.30,8560.790392
5071.07,8546.135173
5081.84,8497.547765
5092.60,8491.109287
5103.37,8483.834592
5114.14,8458.977032
5124.90,8474.147700
5135.67,8432.731123
5146.44,8420.207772
5157.20,8396.589998
5167.97,8366.637772
5178.74,8396.855961
5189.50,8360.107638
5200.27,8342.862521
5211.04,8313.368846
5221.80,8284.065379
5232.57,8280.744940
5243.33,8286.007337
5254.10,8230.267902
5264.87,8223.586677
5275.63,8206.722644
5286.40,8192.795002
5297.17,8169.130581
5307.93,8149.999634
5318.70,8106.691777
5329.47,8100.964123
5340.23,8094.072543
5351.00,8093.606730
5361.77,8088.748302
5372.53,8026.413623
5383.30,8006.888849
5394.07,7995.932292
5404.83,7976.857174
5415.60,7953.657368
5426.37,7947.920213
5437.13,7896.936142
5447.90,7884.088943
5458.67,7885.299927
5469.43,7849.206368
5480.20,7820.714380
5490.97,7808.050999
5501.73,7776.788016
5512.50,7757.352595
5523.27,7742.211961
5534.03,7743.684369
5544.80,7722.518014
5555.57,7686.731642
5566.33,7677.219623
5577.10,7669.797773
5587.87,7647.837772
5598.63,7601.577278
5609.40,7569.122504
5620.17,7582.236738
5630.93,7582.225103
5641.70,7539.274846
5652.47,7521.588704
5663.23,7489.195842
5674.00,7471.088093
5684.77,7494.647557
5695.53,7484.853682
5706.30,7445.047390
5717.07,7433.995832
5727.83,7415.550193
5738.60,7373.588908
5749.37,7362.260679
5760.13,7356.816688
5770.90,7328.799585
5781.67,7303.289649
5792.43,7307.991810
5803.20,7293.350212
5813.96,7280.361397
5824.73,7225.575432
5835.50,7228.499388
5846.26,7222.976768
5857.03,7177.434016
5867.80,7193.186724
5878.56,7184.190492
5889.33,7142.586826
5900.10,7131.197312
5910.86,7126.995091
5921.63,7135.207316
5932.40,7095.388766
5943.16,7095.546289
5953.93,7053.881460
5964.70,7080.009125
5975.46,7034.165815
5986.23,7038.778757
5997.00,7046.265728
6007.76,7013.907906
6018.53,7006.297378
6029.30,7003.564745
6040.06,7006.508090
6050.83,6965.686093
6061.60,6928.282511
6072.36,6931.981261
6083.13,6936.307346
6093.90,6926.417030
6104.66,6929.114173
6115.43,6901.263101
6126.20,6891.707047
6136.96,6877.464932
6147.73,6889.083044
6158.50,6875.780819
6169.26,6869.053279
6180.03,6863.614646
6190.80,6839.474523
6201.56,6842.934762
6212.33,6803.170388
6223.10,6839.137918
6233.86,6825.135367
6244.63,6814.066387
6255.40,6808.044833
6266.16,6791.574206
6276.93,6775.224804
6287.70,6756.546805
6298.46,6753.376081
6309.23,6748.736444
6320.00,6747.051223
6330.76,6722.749660
6341.53,6715.977217
6352.29,6744.747283
6363.06,6734.252895
6373.83,6711.277518
6384.59,6721.925556
6395.36,6696.664598
6406.13,6708.612287
6416.89,6696.400626
6427.66,6674.721736
6438.43,6653.422856
6449.19,6659.755678
6459.96,6640.467913
6470.73,6658.625077
6481.49,6654.070027
6492.26,6651.226656
6503.03,6626.523331
6513.79,6588.075906
6524.56,6620.160297
6535.33,6596.973986
6546.09,6590.106009
6556.86,6573.323268
6567.63,6581.427795
6578.39,6585.033595
6589.16,6564.749624
6599.93,6537.005747
6610.69,6515.654484
6621.46,6545.382700
6632.23,6529.167643
6642.99,6508.060724
6653.76,6503.560204
6664.53,6488.701630
6675.29,6484.118430
6686.06,6492.478638
6696.83,6494.944275
6707.59,6473.329267
6718.36,6447.659423
6729.13,6455.155533
6739.89,6438.165012
6750.66,6437.208865
6761.43,6406.292302
6772.19,6383.646877
6782.96,6405.440718
6793.73,6405.991088
6804.49,6370.059000
6815.26,6358.887972
6826.03,6356.512407
6836.79,6335.352388
6847.56,6325.545178
6858.33,6353.081891
6869.09,6325.374471
6879.86,6290.567905
6890.62,6292.182841
6901.39,6296.416975
6912.16,6284.317809
6922.92,6281.182758
6933.69,6247.192342
6944.46,6219.355733
6955.22,6236.059287
6965.99,6254.427983
6976.76,6208.729689
6987.52,6217.274889
6998.29,6188.775575
7009.06,6164.422458
7019.82,6165.607805
7030.59,6155.867731
7041.36,6135.567739
7052.12,6122.302667
7062.89,6121.413474
7073.66,6095.273615
7084.42,6109.464276
7095.19,6092.160405
7105.96,6067.578363
7116.72,6070.786098
7127.49,6058.287845
7138.26,6067.381823
7149.02,6058.612641
7159.79,6006.820672
7170.56,6007.110041
7181.32,6002.608527
7192.09,5993.458558
7202.86,6000.916358
7213.62,5973.384188
7224.39,5953.466253
7235.16,5930.047309
7245.92,5921.811059
7256.69,5919.429803
7267.46,5927.576557
7278.22,5916.489219
7288.99,5898.462883
7299.76,5879.586809
7310.52,5873.851310
7321.29,5859.599519
7332.06,5854.942819
7342.82,5849.895053
7353.59,5825.312203
7364.36,5806.327004
7375.12,5822.756447
7385.89,5805.972662
7396.66,5782.087813
7407.42,5747.685253
7418.19,5789.258245
7428.96,5776.890780
7439.72,5748.386301
7450.49,5740.950081
7461.25,5737.883990
7472.02,5749.718188
7482.79,5743.480505
7493.55,5697.772379
7504.32,5696.631256
7515.09,5712.124947
7525.85,5664.865336
7536.62,5681.893410
7547.39,5678.475219
7558.15,5669.212239
7568.92,5655.741893
7579.69,5651.458959
7590.45,5651.148557
7601.22,5660.863504
7611.99,5627.850810
7622.75,5594.931543
7633.52,5624.306413
7644.29,5619.379831
7655.05,5578.216469
7665.82,5613.071656
7676.59,5632.514004
7687.35,5576.594266
7698.12,5571.512621
7708.89,5559.854024
7719.65,5563.683350
7730.42,5566.289924
7741.19,5560.066935
7751.95,5554.562404
7762.72,5556.801255
7773.49,5544.855753
7784.25,5547.559533
7795.02,5525.370315
7805.79,5529.335346
7816.55,5514.524221
7827.32,5502.798691
7838.09,5512.252602
7848.85,5471.855914
7859.62,5525.527750
7870.39,5522.801411
7881.15,5508.742768
7891.92,5517.428228
7902.69,5487.856716
7913.45,5478.778218
7924.22,5472.676053
7934.99,5471.899189
7945.75,5446.260939
7956.52,5459.590607
7967.29,5469.988777
7978.05,5481.749307
7988.82,5471.565688
7999.58,5435.533387
8010.35,5440.871959
8021.12,5444.968676
8031.88,5443.897737
8042.65,5439.023907
8053.42,5411.751312
8064.18,5419.887065
8074.95,5432.750938
8085.72,5400.647292
8096.48,5424.217370
8107.25,5391.233995
8118.02,5413.665254
8128.78,5389.948726
8139.55,5386.379628
8150.32,5386.525129
8161.08,5376.440505
8171.85,5378.302918
8182.62,5375.081454
8193.38,5365.706979
8204.15,5382.780878
8214.92,5357.095759
8225.68,5349.799708
8236.45,5364.912321
8247.22,5356.733886
8257.98,5337.942504
8268.75,5351.111233
8279.52,5322.478819
8290.28,5330.317825
8301.05,5299.145207
8311.82,5342.727279
8322.58,5329.523107
8333.35,5316.855899
8344.12,5306.898013
8354.88,5291.128307
8365.65,5266.892379
8376.42,5282.973072
8387.18,5267.969940
8397.95,5274.363527
8408.72,5264.242936
8419.48,5266.559294
8430.25,5255.666802
8441.02,5265.471436
8451.78,5230.859385
8462.55,5198.257855
8473.32,5221.589264
8484.08,5232.671835
8494.85,5207.425669
8505.62,5183.377137
8516.38,5201.914469
8527.15,5185.058164
8537.92,5172.612974
8548.68,5172.005167
8559.45,5162.776744
8570.21,5161.703558
8580.98,5155.976891
8591.75,5186.821960
8602.51,5124.554167
8613.28,5151.209085
8624.05,5114.023861
8634.81,5113.544116
8645.58,5118.590700
8656.35,5124.762403
8667.11,5104.351137
8677.88,5105.561796
8688.65,5078.347745
8699.41,5059.263183
8710.18,5079.083167
8720.95,5071.444318
8731.71,5062.956709
8742.48,5048.019652
8753.25,5033.880468
8764.01,5032.604017
8774.78,4997.968041
8785.55,5036.145213
8796.31,4993.929515
8807.08,4988.321089
8817.85,5029.405880
8828.61,4994.292330
8839.38,4988.862938
8850.15,4961.727842
8860.91,4988.507324
8871.68,4946.513610
8882.45,4969.369436
8893.21,4975.410788
8903.98,4940.632328
8914.75,4939.330349
8925.51,4941.556424
8936.28,4931.166714
8947.05,4926.339785
8957.81,4908.583782
8968.58,4923.507408
8979.35,4900.432618
8990.11,4893.902948
9000.88,4895.949012
9011.65,4893.855199
9022.41,4851.208940
9033.18,4856.505439
9043.95,4880.559595
9054.71,4874.455140
9065.48,4865.172385
9076.25,4830.366382
9087.01,4845.781892
9097.78,4848.964135
9108.54,4844.547694
9119.31,4838.588498
9130.08,4843.962516
9140.84,4802.074942
9151.61,4817.930542
9162.38,4809.920360
9173.14,4792.609305
9183.91,4806.788722
9194.68,4801.874686
9205.44,4803.482897
9216.21,4816.924823
9226.98,4802.394500
9237.74,4765.975624
9248.51,4782.809360
9259.28,4742.836214
9270.04,4763.858775
9280.81,4765.941765
9291.58,4748.522877
9302.34,4757.835949
9313.11,4757.867164
9323.88,4741.895201
9334.64,4738.865124
9345.41,4741.287207
9356.18,4737.122783
9366.94,4748.347399
9377.71,4740.544329
9388.48,4722.880648
9399.24,4756.146526
9410.01,4715.881417
9420.78,4728.589847
9431.54,4712.662369
9442.31,4708.906569
9453.08,4698.381859
9463.84,4691.591116
9474.61,4692.758064
9485.38,4696.327669
9496.14,4713.746438
9506.91,4693.877045
9517.68,4715.726112
9528.44,4690.408165
9539.21,4690.170509
9549.98,4678.121826
9560.74,4710.073975
9571.51,4680.717239
9582.28,4670.935105
9593.04,4670.365049
9603.81,4692.288294
9614.58,4669.756511
9625.34,4663.856605
9636.11,4670.118579
9646.88,4683.138363
9657.64,4647.596536
9668.41,4658.571668
9679.17,4655.105070
9689.94,4657.511761
9700.71,4649.806291
9711.47,4642.140974
9722.24,4675.055108
9733.01,4646.722825
9743.77,4629.971543
9754.54,4653.390821
9765.31,4644.765863
9776.07,4614.939619
9786.84,4614.613673
9797.61,4614.623752
9808.37,4628.722816
9819.14,4626.670723
9829.91,4611.521694
9840.67,4630.090037
9851.44,4578.019419
9862.21,4605.733483
9872.97,4640.380883
9883.74,4606.638542
9894.51,4590.243705
9905.27,4607.188211
9916.04,4570.178474
9926.81,4575.510757
9937.57,4577.240004
9948.34,4606.111782
9959.11,4587.381492
9969.87,4561.427439
9980.64,4562.726509
9991.41,4547.870271
10002.17,4558.935336
10012.94,4575.903388
10023.71,4553.328302
10034.47,4547.342326
10045.24,4525.843508
10056.01,4525.342832
10066.77,4536.616520
10077.54,4509.348824
10088.31,4531.945713
10099.07,4498.087800
10109.84,4503.865728
10120.61,4509.923368
10131.37,4517.486800
10142.14,4482.713965
10152.91,4501.442273
10163.67,4486.187341
10174.44,4491.606667
10185.21,4463.535172
10195.97,4486.520077
10206.74,4462.984754
10217.50,4485.026204
10228.27,4440.478574
10239.04,4471.447396
10249.80,4439.250778
10260.57,4451.676738
10271.34,4424.564692
10282.10,4433.795106
10292.87,4449.425141
10303.64,4427.183407
10314.40,4440.757192
10325.17,4406.208492
10335.94,4405.547255
10346.70,4398.259108
10357.47,4410.917551
10368.24,4373.597419
10379.00,4379.262905
10389.77,4389.499835
10400.54,4401.531989
10411.30,4398.303196
10422.07,4368.827358
10432.84,4368.746261
10443.60,4368.590735
10454.37,4356.447908
10465.14,4326.081049
10475.90,4346.138189
10486.67,4362.854597
10497.44,4360.416835
10508.20,4329.160812
10518.97,4311.403857
10529.74,4338.374374
10540.50,4333.687159
10551.27,4315.230280
10562.04,4299.717100
10572.80,4307.937160
10583.57,4302.900182
10594.34,4307.690196
10605.10,4307.469951
10615.87,4298.409274
10626.64,4291.907757
10637.40,4261.711087
10648.17,4272.882528
10658.94,4271.071612
10669.70,4287.798429
10680.47,4260.144271
10691.24,4260.157986
10702.00,4254.439811
10712.77,4249.748234
10723.54,4261.218905
10734.30,4277.910025
10745.07,4248.035513
10755.83,4248.409057
10766.60,4264.461385
10777.37,4215.806695
10788.13,4246.204613
10798.90,4241.648422
10809.67,4213.397544
10820.43,4242.119175
10831.20,4197.406987
10841.97,4221.487697
10852.73,4181.093769
10863.50,4215.290023
10874.27,4224.106567
10885.03,4209.304742
10895.80,4216.198214
10906.57,4212.202251
10917.33,4182.244372
10928.10,4192.682229
10938.87,4182.050759
10949.63,4175.105978
10960.40,4191.837005
10971.17,4180.540165
10981.93,4201.583139
10992.70,4170.056764
11003.47,4193.124744
11014.23,4181.124985
11025.00,4196.769353
11035.77,4180.790660
11046.53,4184.861918
11057.30,4180.930289
11068.07,4173.035465
11078.83,4180.075084
11089.60,4175.777030
11100.37,4163.090114
11111.13,4184.624537
11121.90,4173.027209
11132.67,4165.083579
11143.43,4168.992466
11154.20,4144.474907
11164.97,4175.240158
11175.73,4142.778989
11186.50,4163.038471
11197.27,4133.764632
11208.03,4125.314430
11218.80,4139.725900
11229.57,4116.909328
11240.33,4150.097535
11251.10,4138.868183
11261.87,4121.214867
11272.63,4137.967250
11283.40,4135.464014
11294.17,4125.706300
11304.93,4122.090191
11315.70,4093.888281
11326.46,4144.134264
11337.23,4111.118648
11348.00,4135.884030
11358.76,4121.866224
11369.53,4102.885295
11380.30,4138.922141
11391.06,4118.328874
11401.83,4117.227750
11412.60,4125.507197
11423.36,4100.239381
11434.13,4095.872769
11444.90,4085.567618
11455.66,4109.429842
11466.43,4091.257667
11477.20,4102.443340
11487.96,4102.625977
11498.73,4091.069886
11509.50,4084.401682
11520.26,4092.729859
11531.03,4081.104372
11541.80,4067.043485
11552.56,4079.027491
11563.33,4077.489946
11574.10,4065.901057
11584.86,4059.156300
11595.63,4051.546902
11606.40,4075.214576
11617.16,4056.107848
11627.93,4055.247792
11638.70,4028.279889
11649.46,4032.350312
11660.23,4024.211216
11671.00,4042.804609
11681.76,4032.142556
11692.53,4013.687829
11703.30,4024.132089
11714.06,4053.654130
11724.83,4027.534319
11735.60,4029.836741
11746.36,4013.906373
11757.13,3999.959825
11767.90,3999.878180
11778.66,4024.210830
11789.43,4002.481748
11800.20,3989.932969
11810.96,3979.949512
11821.73,3998.349493
11832.50,3963.494852
11843.26,3989.829749
11854.03,3990.562468
11864.79,3982.361604
11875.56,3967.229078
11886.33,3964.072308
11897.09,3946.326627
11907.86,3952.969771
11918.63,3963.237410
11929.39,3979.262980
11940.16,3959.066391
11950.93,3983.740769
11961.69,3939.716170
11972.46,3938.822758
11983.23,3917.099089
11993.99,3934.298729
12004.76,3915.461176
12015.53,3893.026319
12026.29,3906.578623
12037.06,3922.108809
12047.83,3916.852589
12058.59,3908.616275
12069.36,3918.345014
12080.13,3895.216712
12090.89,3894.554044
12101.66,3892.772521
12112.43,3872.486458
12123.19,3891.373564
12133.96,3893.059922
12144.73,3881.809466
12155.49,3861.662255
12166.26,3869.756547
12177.03,3864.789692
12187.79,3863.880547
12198.56,3855.489898
12209.33,3846.763601
12220.09,3882.958868
12230.86,3857.087168
12241.63,3844.489722
12252.39,3862.204137
12263.16,3842.873508
12273.93,3832.736452
12284.69,3838.457842
12295.46,3835.044413
12306.23,3816.601297
12316.99,3799.098650
12327.76,3828.594299
12338.53,3819.791448
12349.29,3812.410527
12360.06,3823.191129
12370.83,3824.609377
12381.59,3816.710286
12392.36,3807.470575
12403.12,3832.416216
12413.89,3822.373021
12424.66,3792.211472
12435.42,3798.179861
12446.19,3794.601804
12456.96,3809.485908
12467.72,3788.177648
12478.49,3797.408556
12489.26,3782.456761
12500.02,3797.149842
12510.79,3767.476726
12521.56,3774.935884
12532.32,3781.655261
12543.09,3821.048740
12553.86,3790.167713
12564.62,3775.924121
12575.39,3792.606062
12586.16,3802.952814
12596.92,3769.480369
12607.69,3776.644229
12618.46,3754.249565
12629.22,3781.697471
12639.99,3785.177817
12650.76,3781.965429
12661.52,3785.372685
12672.29,3776.003998
12683.06,3763.549099
12693.82,3767.550575
12704.59,3790.977216
12715.36,3764.324915
12726.12,3775.550611
12736.89,3788.569279
12747.66,3762.908258
12758.42,3767.029580
12769.19,3779.015776
12779.96,3759.252158
12790.72,3771.395088
12801.49,3751.882308
12812.26,3751.466140
12823.02,3748.144170
12833.79,3782.006878
12844.56,3779.871603
12855.32,3757.325461
12866.09,3749.623901
12876.86,3729.093026
12887.62,3752.438797
12898.39,3753.517525
12909.16,3754.429477
12919.92,3755.769757
12930.69,3714.550842
12941.46,3737.545872
12952.22,3737.781852
12962.99,3732.312668
12973.75,3745.729261
12984.52,3731.197255
12995.29,3736.645932
13006.05,3720.532279
13016.82,3724.465742
13027.59,3695.471932
13038.35,3724.068333
13049.12,3705.079516
13059.89,3696.872962
13070.65,3689.485298
13081.42,3712.877692
13092.19,3711.642213
13102.95,3703.811593
13113.72,3715.634662
13124.49,3706.757386
13135.25,3697.834286
13146.02,3700.453897
13156.79,3673.680360
13167.55,3693.072707
13178.32,3668.394577
13189.09,3688.987451
13199.85,3675.484604
13210.62,3695.676053
13221.39,3662.215012
13232.15,3662.721317
13242.92,3693.087167
13253.69,3678.269061
13264.45,3632.777594
13275.22,3654.014988
13285.99,3655.338230
13296.75,3652.782016
13307.52,3644.165596
13318.29,3646.828358
13329.05,3652.169287
13339.82,3645.731365
13350.59,3646.131709
13361.35,3652.983652
13372.12,3628.134057
13382.89,3634.773532
13393.65,3644.364169
13404.42,3650.051837
13415.19,3648.584108
13425.95,3605.620752
13436.72,3612.957256
13447.49,3601.312195
13458.25,3633.197335
13469.02,3599.978774
13479.79,3604.309583
13490.55,3602.845273
13501.32,3617.509576
13512.08,3594.741455
13522.85,3572.524177
13533.62,3591.567412
13544.38,3576.668389
13555.15,3581.264707
13565.92,3593.474249
13576.68,3561.483776
13587.45,3606.071396
13598.22,3559.266010
13608.98,3569.704840
13619.75,3563.114019
13630.52,3577.343935
13641.28,3573.057494
13652.05,3572.974959
13662.82,3562.807559
13673.58,3572.815280
13684.35,3537.768227
13695.12,3542.367276
13705.88,3565.699790
13716.65,3539.278607
13727.42,3548.317124
13738.18,3530.113221
13748.95,3550.874765
13759.72,3520.474057
13770.48,3551.730927
13781.25,3546.696085
13792.02,3540.208738
13802.78,3540.079599
13813.55,3520.533443
13824.32,3523.436994
13835.08,3529.574579
13845.85,3540.195402
13856.62,3526.336688
13867.38,3517.773768
13878.15,3527.836710
13888.92,3509.838719
13899.68,3513.018826
13910.45,3480.060314
13921.22,3497.189139
13931.98,3515.700217
13942.75,3494.125206
13953.52,3476.988978
13964.28,3512.585793
13975.05,3501.822620
13985.82,3490.632413
13996.58,3494.540459
14007.35,3488.221176
14018.12,3511.141380
14028.88,3471.416028
14039.65,3473.745712
14050.42,3475.547510
14061.18,3487.295553
14071.95,3500.084508
14082.71,3496.696164
14093.48,3486.257859
14104.25,3470.019989
14115.01,3470.827799
14125.78,3479.310761
14136.55,3480.699181
14147.31,3492.484297
14158.08,3488.377553
14168.85,3498.668017
14179.61,3475.835721
14190.38,3465.295472
14201.15,3493.939017
14211.91,3481.913930
14222.68,3486.267426
14233.45,3467.446652
14244.21,3454.953827
14254.98,3490.738619
14265.75,3476.496664
14276.51,3461.107473
14287.28,3464.703995
14298.05,3461.243780
14308.81,3445.428473
14319.58,3474.487796
14330.35,3466.595639
14341.11,3452.402285
14351.88,3439.178251
14362.65,3458.114025
14373.41,3488.657006
14384.18,3442.947694
14394.95,3439.273716
14405.71,3461.857910
14416.48,3463.945784
14427.25,3464.759470
14438.01,3453.318695
14448.78,3462.188339
14459.55,3451.403407
14470.31,3451.239892
14481.08,3427.531762
14491.85,3439.289545
14502.61,3457.271404
14513.38,3440.159179
14524.15,3462.521949
14534.91,3457.416863
14545.68,3410.916760
14556.45,3429.088371
14567.21,3443.605176
14577.98,3420.950309
14588.75,3432.603901
14599.51,3418.281744
14610.28,3419.031502
14621.04,3423.539362
14631.81,3449.569199
14642.58,3437.363445
14653.34,3407.763907
14664.11,3423.182230
14674.88,3401.504175
14685.64,3424.976572
14696.41,3403.149028
14707.18,3407.893655
14717.94,3397.180285
14728.71,3425.054247
14739.48,3402.097871
14750.24,3424.552429
14761.01,3394.744490
14771.78,3397.124985
14782.54,3398.464694
14793.31,3399.338802
14804.08,3415.287440
14814.84,3394.871574
14825.61,3396.025782
14836.38,3391.456410
14847.14,3393.187827
14857.91,3374.017092
14868.68,3392.532184
14879.44,3397.168356
14890.21,3384.007571
14900.98,3358.323680
14911.74,3349.964761
14922.51,3372.755933
14933.28,3381.082886
14944.04,3381.024346
14954.81,3385.950661
14965.58,3385.974295
14976.34,3350.918235
14987.11,3372.084106
14997.88,3349.668355
15008.64,3343.600717
15019.41,3354.345410
15030.18,3344.328879
15040.94,3366.706313
15051.71,3340.120659
15062.48,3308.357069
15073.24,3321.879843
15084.01,3346.954633
15094.78,3320.519038
15105.54,3332.498086
15116.31,3337.194815
15127.08,3327.381458
15137.84,3326.305575
15148.61,3334.421738
15159.38,3317.372927
15170.14,3307.416746
15180.91,3308.667739
15191.67,3295.492725
15202.44,3333.484688
15213.21,3318.066067
15223.97,3308.269959
15234.74,3293.951085
15245.51,3297.189835
15256.27,3311.202344
15267.04,3284.915383
15277.81,3294.636061
15288.57,3281.718796
15299.34,3300.593259
15310.11,3282.795122
15320.87,3306.793963
15331.64,3306.110485
15342.41,3292.791414
15353.17,3290.802618
15363.94,3309.583661
15374.71,3282.907773
15385.47,3282.451092
15396.24,3273.115566
15407.01,3313.746443
15417.77,3273.029556
15428.54,3272.759333
15439.31,3275.177474
15450.07,3298.883099
15460.84,3268.955014
15471.61,3277.080927
15482.37,3260.618778
15493.14,3286.987094
15503.91,3287.443829
15514.67,3249.931309
15525.44,3294.652920
15536.21,3285.452383
15546.97,3272.034088
15557.74,3296.394327
15568.51,3254.966172
15579.27,3286.506764
15590.04,3276.918970
15600.81,3259.224549
15611.57,3279.818615
15622.34,3272.470167
15633.11,3260.358757
15643.87,3279.458414
15654.64,3289.133652
15665.41,3259.569776
15676.17,3262.306886
15686.94,3283.735444
15697.71,3262.348310
15708.47,3256.839880
15719.24,3260.159356
15730.00,3251.820595
15740.77,3260.852188
15751.54,3290.586249
15762.30,3272.837319
15773.07,3281.495335
15783.84,3266.345968
15794.60,3294.763479
15805.37,3252.501762
15816.14,3266.477515
15826.90,3264.544211
15837.67,3263.458050
15848.44,3272.023583
15859.20,3249.240878
15869.97,3267.940122
15880.74,3253.182294
15891.50,3279.006569
15902.27,3247.983610
15913.04,3260.726347
15923.80,3251.365224
15934.57,3253.453245
15945.34,3282.757066
15956.10,3231.032462
15966.87,3259.667439
15977.64,3263.972617
15988.40,3256.463537
15999.17,3262.622908
16009.94,3238.457856
16020.70,3258.301750
16031.47,3261.735513
16042.24,3242.393919
16053.00,3248.462103
16063.77,3253.945052
16074.54,3241.159921
16085.30,3260.166219
16096.07,3224.845386
16106.84,3251.944030
16117.60,3248.520285
16128.37,3263.487628
16139.14,3257.584072
16149.90,3237.345162
16160.67,3231.325106
16171.44,3220.276917
16182.20,3230.329807
16192.97,3232.196239
16203.74,3217.721461
16214.50,3240.110727
16225.27,3200.213513
16236.04,3250.832616
16246.80,3209.813230
16257.57,3234.600669
16268.33,3232.763642
16279.10,3226.397070
16289.87,3216.919682
16300.63,3220.583781
16311.40,3206.217849
16322.17,3235.886581
16332.93,3215.418083
16343.70,3219.614626
16354.47,3211.600136
16365.23,3199.671906
16376.00,3223.295969
16386.77,3227.020595
16397.53,3203.427478
16408.30,3218.038953
16419.07,3202.744843
16429.83,3188.289041
16440.60,3206.527238
16451.37,3188.041489
16462.13,3174.967048
16472.90,3184.736397
16483.67,3188.211782
16494.43,3181.487869
16505.20,3182.171285
16515.97,3201.047622
16526.73,3175.293263
16537.50,3189.091833
16548.27,3176.168594
16559.03,3203.525459
16569.80,3175.755157
16580.57,3165.882070
16591.33,3163.879516
16602.10,3164.369367
16612.87,3169.011329
16623.63,3165.668584
16634.40,3176.500381
16645.17,3178.990857
16655.93,3179.394093
16666.70,3159.024759
16677.47,3143.641972
16688.23,3154.533187
16699.00,3166.753108
16709.77,3157.415766
16720.53,3164.122391
16731.30,3162.411315
16742.07,3149.136090
16752.83,3179.179819
16763.60,3156.405098
16774.37,3155.347984
16785.13,3137.019764
16795.90,3159.719901
16806.67,3168.904842
16817.43,3151.161227
16828.20,3154.387119
16838.96,3157.418228
16849.73,3136.047313
16860.50,3169.557025
16871.26,3153.105730
16882.03,3147.916141
16892.80,3163.356828
16903.56,3133.770785
16914.33,3160.631600
16925.10,3121.933453
16935.86,3155.114128
16946.63,3131.436146
16957.40,3143.709341
16968.16,3152.028378
16978.93,3152.143634
16989.70,3164.172510
17000.46,3153.567885
17011.23,3150.817241
17022.00,3169.233530
17032.76,3163.718407
17043.53,3130.672843
17054.30,3146.758699
17065.06,3160.689794
17075.83,3139.243942
17086.60,3129.813372
17097.36,3144.781663
17108.13,3129.471563
17118.90,3136.622021
17129.66,3144.994987
17140.43,3149.143568
17151.20,3151.675436
17161.96,3169.140480
17172.73,3133.479831
17183.50,3131.024776
17194.26,3154.820037
17205.03,3141.376855
17215.80,3140.342947
17226.56,3142.099855
17237.33,3148.045093
17248.10,3125.735627
17258.86,3151.500931
17269.63,3141.367735
17280.40,3142.229923
17291.16,3120.647096
17301.93,3135.550056
17312.70,3141.351618
17323.46,3123.512078
17334.23,3153.246501
17345.00,3150.288139
17355.76,3143.299961
17366.53,3141.571292
17377.29,3131.519722
17388.06,3126.089687
17398.83,3157.435152
17409.59,3131.502240
17420.36,3131.967210
17431.13,3144.313173
17441.89,3127.482340
17452.66,3131.040123
17463.43,3114.009727
17474.19,3132.931761
17484.96,3154.759460
17495.73,3128.812359
17506.49,3143.102924
17517.26,3119.926214
17528.03,3110.702385
17538.79,3115.785688
17549.56,3131.967946
17560.33,3119.464316
17571.09,3131.954706
17581.86,3134.732873
17592.63,3134.287110
17603.39,3109.717640
17614.16,3111.840501
17624.93,3114.715586
17635.69,3133.969324
17646.46,3108.171921
17657.23,3101.277236
17667.99,3144.824915
17678.76,3114.716080
17689.53,3122.319304
17700.29,3108.133045
17711.06,3122.072234
17721.83,3109.144328
17732.59,3127.490580
17743.36,3116.250813
17754.13,3114.410002
17764.89,3099.601051
17775.66,3076.175505
17786.43,3099.977987
17797.19,3122.140116
17807.96,3133.924021
17818.73,3085.495438
17829.49,3097.461765
17840.26,3099.894005
17851.03,3109.551105
17861.79,3121.842023
17872.56,3113.484454
17883.33,3075.288784
17894.09,3101.940010
17904.86,3086.568077
17915.62,3084.393561
17926.39,3078.420832
17937.16,3089.788728
17947.92,3093.967701
17958.69,3084.644563
17969.46,3081.153412
17980.22,3096.425113
17990.99,3094.475928
18001.76,3087.173061
18012.52,3083.264278
18023.29,3108.606632
18034.06,3079.041176
18044.82,3095.839630
18055.59,3052.995769
18066.36,3068.626542
18077.12,3076.167029
18087.89,3037.460915
18098.66,3087.101717
18109.42,3073.579259
18120.19,3076.220026
18130.96,3064.674217
18141.72,3072.279024
18152.49,3058.881784
18163.26,3042.137484
18174.02,3061.087678
18184.79,3069.163014
18195.56,3071.403521
18206.32,3062.349637
18217.09,3068.853085
18227.86,3067.896955
18238.62,3084.488812
18249.39,3058.051895
18260.16,3046.125063
18270.92,3048.010945
18281.69,3044.733345
18292.46,3059.647290
18303.22,3046.803240
18313.99,3042.409619
18324.76,3063.663491
18335.52,3069.859657
18346.29,3039.869796
18357.06,3043.373429
18367.82,3063.746015
18378.59,3071.656636
18389.36,3033.432838
18400.12,3073.699606
18410.89,3049.639151
18421.66,3062.957495
18432.42,3071.329744
18443.19,3059.300917
18453.96,3038.473186
18464.72,3041.201545
18475.49,3081.554037
18486.25,3062.350583
18497.02,3045.771186
18507.79,3059.440779
18518.55,3058.198914
18529.32,3039.244146
18540.09,3066.038335
18550.85,3058.704509
18561.62,3050.604650
18572.39,3043.495449
18583.15,3046.916383
18593.92,3066.934286
18604.69,3055.998570
18615.45,3050.033175
18626.22,3024.111390
18636.99,3044.008947
18647.75,3038.248928
18658.52,3041.231601
18669.29,3044.422325
18680.05,3046.186968
18690.82,3048.167542
18701.59,3052.704584
18712.35,3046.933691
18723.12,3026.279550
18733.89,3046.795209
18744.65,3044.963801
18755.42,3041.467286
18766.19,3045.011683
18776.95,3041.126166
18787.72,3030.994129
18798.49,3040.170775
18809.25,3062.756019
18820.02,3054.386625
18830.79,3049.320363
18841.55,3055.535923
18852.32,3054.808858
18863.09,3046.614284
18873.85,3047.509821
18884.62,3030.032808
18895.39,3045.328987
18906.15,3039.820408
18916.92,3034.038768
18927.69,3061.127595
18938.45,3061.943906
18949.22,3050.269770
18959.99,3028.157128
18970.75,3021.197324
18981.52,3048.156719
18992.29,3037.023992
19003.05,3037.566463
19013.82,3055.715580
19024.58,3041.487500
19035.35,3041.594255
19046.12,3053.012753
19056.88,3021.134031
19067.65,3038.569866
19078.42,3035.764156
19089.18,3006.565423
19099.95,3008.805052
19110.72,3033.959210
19121.48,3026.291079
19132.25,3029.929682
19143.02,3005.977500
19153.78,3016.276610
19164.55,3045.266126
19175.32,3021.625174
19186.08,3009.491528
19196.85,3013.108032
19207.62,2994.675393
19218.38,3009.803322
19229.15,3007.560293
19239.92,2985.182478
19250.68,2995.408001
19261.45,3012.985937
19272.22,3038.459105
19282.98,2989.511968
19293.75,3009.365545
19304.52,2987.744632
19315.28,2997.762060
19326.05,3006.161192
19336.82,2991.418141
19347.58,2986.033271
19358.35,2991.231061
19369.12,2997.726276
19379.88,2997.554252
19390.65,3013.455904
19401.42,2998.147670
19412.18,3002.101932
19422.95,2994.412785
19433.72,3022.341211
19444.48,2998.906337
19455.25,2980.980928
19466.02,2977.103644
19476.78,2995.509102
19487.55,2982.787205
19498.32,2986.266177
19509.08,2974.090433
19519.85,2989.254224
19530.62,2952.702167
19541.38,2992.318729
19552.15,2994.457561
19562.92,2988.288992
19573.68,2979.568352
19584.45,2971.856490
19595.21,2972.310850
19605.98,2980.223735
19616.75,2980.583680
19627.51,2983.170054
19638.28,2974.576731
19649.05,2989.422809
19659.81,2983.897099
19670.58,2952.939081
19681.35,2963.959333
19692.11,2989.777309
19702.88,2960.646453
19713.65,2981.539946
19724.41,3002.906109
19735.18,2973.710443
19745.95,2959.234586
19756.71,2989.845628
19767.48,2953.304873
19778.25,2992.174321
19789.01,2977.111763
19799.78,2985.008548
19810.55,2971.628482
19821.31,2994.685831
19832.08,2999.887910
19842.85,2958.783313
19853.61,2965.912692
19864.38,2968.637068
19875.15,2977.669077
19885.91,2964.774660
19896.68,2975.708448
19907.45,2988.940560
19918.21,2988.962717
19928.98,2975.417875
19939.75,2953.221546
19950.51,2978.577662
19961.28,2990.333739
19972.05,2989.729591
19982.81,2974.120377
19993.58,2975.144115
20004.35,2967.014664
20015.11,2995.416131
20025.88,2999.299040
20036.65,2977.565634
20047.41,2985.565184
20058.18,2980.674252
20068.95,2977.030584
20079.71,2984.036758
20090.48,2981.507188
20101.25,2975.912447
20112.01,2977.108773
20122.78,2996.065087
20133.54,2992.229531
20144.31,2968.518716
20155.08,2972.048584
20165.84,2981.260071
20176.61,2975.083823
20187.38,2957.330598
20198.14,2973.921934
20208.91,2973.316307
20219.68,2988.588101
20230.44,2986.822054
20241.21,2985.278738
20251.98,2989.997536
20262.74,2966.889683
20273.51,2985.612631
20284.28,2954.267261
20295.04,2975.139578
20305.81,2972.165103
20316.58,2973.687702
20327.34,2958.603866
20338.11,2988.454045
20348.88,2984.310125
20359.64,2972.020530
20370.41,2959.405555
20381.18,2971.250935
20391.94,2955.854283
20402.71,2970.874041
20413.48,2974.562572
20424.24,3000.685389
20435.01,2957.356542
20445.78,2969.175271
20456.54,2929.950452
20467.31,2962.876481
20478.08,2921.969509
20488.84,2973.512031
20499.61,2936.621813
20510.38,2966.848164
20521.14,2960.177480
20531.91,2963.593684
20542.68,2948.755691
20553.44,2978.358589
20564.21,2969.380586
20574.98,2948.244183
20585.74,2955.531955
20596.51,2935.422225
20607.28,2936.794687
20618.04,2961.719460
20628.81,2950.146124
20639.58,2951.777308
20650.34,2943.861722
20661.11,2943.523823
20671.88,2963.357144
20682.64,2950.857085
20693.41,2926.188820
20704.17,2920.290170
20714.94,2949.804784
20725.71,2934.298466
20736.47,2948.035357
20747.24,2966.554247
20758.01,2956.601591
20768.77,2955.353499
20779.54,2949.277570
20790.31,2960.319231
20801.07,2959.372438
20811.84,2949.003145
20822.61,2944.867024
20833.37,2941.063001
20844.14,2957.684542
20854.91,2967.755279
20865.67,2936.617037
20876.44,2945.201795
20887.21,2952.558693
20897.97,2941.395136
20908.74,2947.392911
20919.51,2961.605768
20930.27,2969.151881
20941.04,2951.690901
20951.81,2972.615204
20962.57,2950.998046
20973.34,2965.839722
20984.11,2962.106258
20994.87,2974.628063
21005.64,2947.718680
21016.41,2966.681636
21027.17,2977.356438
21037.94,2943.990366
21048.71,2983.243312
21059.47,2972.105769
21070.24,2963.916557
21081.01,2973.460882
21091.77,2966.434192
21102.54,2962.628226
21113.31,2961.891626
21124.07,2976.998686
21134.84,2949.892797
21145.61,2945.794707
21156.37,2964.265765
21167.14,2949.906612
21177.91,2990.783406
21188.67,2984.239135
21199.44,2980.373198
21210.21,2988.911601
21220.97,2976.668365
21231.74,2961.639437
21242.50,2979.320117
21253.27,2949.234853
21264.04,2969.085331
21274.80,2968.188383
21285.57,2976.445607
21296.34,2960.316877
21307.10,2950.624109
21317.87,2974.434384
21328.64,2977.899598
21339.40,2956.837103
21350.17,3004.594741
21360.94,2991.611300
21371.70,2968.241410
21382.47,2948.554976
21393.24,2965.241801
21404.00,2970.266256
21414.77,2984.873495
21425.54,2967.661967
21436.30,2935.707762
21447.07,2961.531706
21457.84,2955.827243
21468.60,2976.374732
21479.37,2968.567717
21490.14,2955.384265
21500.90,2969.252943
21511.67,2980.190082
21522.44,2933.009074
21533.20,2979.516627
21543.97,2948.641865
21554.74,2945.481121
21565.50,2934.277615
21576.27,2927.555344
21587.04,2950.457928
21597.80,2945.235062
21608.57,2948.841681
21619.34,2983.351415
21630.10,2968.295934
21640.87,2968.982966
21651.64,2920.427366
21662.40,2955.271927
21673.17,2970.167510
21683.94,2947.002907
21694.70,2947.683536
21705.47,2947.943430
21716.24,2928.546538
21727.00,2951.437629
21737.77,2948.563744
21748.54,2918.281620
21759.30,2945.684960
21770.07,2952.020792
21780.83,2939.334596
21791.60,2959.578394
21802.37,2932.429221
21813.13,2923.947506
21823.90,2966.524007
21834.67,2946.389662
21845.43,2945.633984
21856.20,2951.905963
21866.97,2939.089786
21877.73,2934.379746
21888.50,2946.114369
21899.27,2956.540446
21910.03,2957.056311
21920.80,2932.935537
21931.57,2917.324327
21942.33,2954.527332
21953.10,2929.276920
21963.87,2936.010071
21974.63,2943.028057
21985.40,2965.745089
21996.17,2946.089336
22006.93,2954.044231
22017.70,2955.689520
22028.47,2943.525177
22039.23,2944.823565
